id,Book Name,Book Price, Rating
1,"A Light in the ...","Â£51.77","Three"
2,"Tipping the Velvet","Â£53.74","One"
3,"Soumission","Â£50.10","One"
4,"Sharp Objects","Â£47.82","Four"
5,"Sapiens: A Brief History ...","Â£54.23","Five"
6,"The Requiem Red","Â£22.65","One"
7,"The Dirty Little Secrets ...","Â£33.34","Four"
8,"The Coming Woman: A ...","Â£17.93","Three"
9,"The Boys in the ...","Â£22.60","Four"
10,"The Black Maria","Â£52.15","One"
11,"Starving Hearts (Triangular Trade ...","Â£13.99","Two"
12,"Shakespeare's Sonnets","Â£20.66","Four"
13,"Set Me Free","Â£17.46","Five"
14,"Scott Pilgrim's Precious Little ...","Â£52.29","Five"
15,"Rip it Up and ...","Â£35.02","Five"
16,"Our Band Could Be ...","Â£57.25","Three"
17,"Olio","Â£23.88","One"
18,"Mesaerion: The Best Science ...","Â£37.59","One"
19,"Libertarianism for Beginners","Â£51.33","Two"
20,"It's Only the Himalayas","Â£45.17","Two"
21,"In Her Wake","Â£12.84","One"
22,"How Music Works","Â£37.32","Two"
23,"Foolproof Preserving: A Guide ...","Â£30.52","Three"
24,"Chase Me (Paris Nights ...","Â£25.27","Five"
25,"Black Dust","Â£34.53","Five"
26,"Birdsong: A Story in ...","Â£54.64","Three"
27,"America's Cradle of Quarterbacks: ...","Â£22.50","Three"
28,"Aladdin and His Wonderful ...","Â£53.13","Three"
29,"Worlds Elsewhere: Journeys Around ...","Â£40.30","Five"
30,"Wall and Piece","Â£44.18","Four"
31,"The Four Agreements: A ...","Â£17.66","Five"
32,"The Five Love Languages: ...","Â£31.05","Three"
33,"The Elephant Tree","Â£23.82","Five"
34,"The Bear and the ...","Â£36.89","One"
35,"Sophie's World","Â£15.94","Five"
36,"Penny Maybe","Â£33.29","Three"
37,"Maude (1883-1993):She Grew Up ...","Â£18.02","Two"
38,"In a Dark, Dark ...","Â£19.63","One"
39,"Behind Closed Doors","Â£52.22","Four"
40,"You can't bury them ...","Â£33.63","Two"
41,"Slow States of Collapse: ...","Â£57.31","Three"
42,"Reasons to Stay Alive","Â£26.41","Two"
43,"Private Paris (Private #10)","Â£47.61","Five"
44,"#HigherSelfie: Wake Up Your ...","Â£23.11","Five"
45,"Without Borders (Wanderlove #1)","Â£45.07","Two"
46,"When We Collided","Â£31.77","One"
47,"We Love You, Charlie ...","Â£50.27","Five"
48,"Untitled Collection: Sabbath Poems ...","Â£14.27","Four"
49,"Unseen City: The Majesty ...","Â£44.18","Four"
50,"Unicorn Tracks","Â£18.78","Three"
51,"Unbound: How Eight Technologies ...","Â£25.52","One"
52,"Tsubasa: WoRLD CHRoNiCLE 2 ...","Â£16.28","One"
53,"Throwing Rocks at the ...","Â£31.12","Three"
54,"This One Summer","Â£19.49","Four"
55,"Thirst","Â£17.27","Five"
56,"The Torch Is Passed: ...","Â£19.09","One"
57,"The Secret of Dreadwillow ...","Â£56.13","One"
58,"The Pioneer Woman Cooks: ...","Â£56.41","One"
59,"The Past Never Ends","Â£56.50","Four"
60,"The Natural History of ...","Â£45.22","Three"
61,"The Nameless City (The ...","Â£38.16","Four"
62,"The Murder That Never ...","Â£54.11","Three"
63,"The Most Perfect Thing: ...","Â£42.96","Four"
64,"The Mindfulness and Acceptance ...","Â£23.89","Four"
65,"The Life-Changing Magic of ...","Â£16.77","Three"
66,"The Inefficiency Assassin: Time ...","Â£20.59","Five"
67,"The Gutsy Girl: Escapades ...","Â£37.13","One"
68,"The Electric Pencil: Drawings ...","Â£56.06","One"
69,"The Death of Humanity: ...","Â£58.11","Four"
70,"The Bulletproof Diet: Lose ...","Â£49.05","Three"
71,"The Art Forger","Â£40.76","Three"
72,"The Age of Genius: ...","Â£19.73","One"
73,"The Activist's Tao Te ...","Â£32.24","Five"
74,"Spark Joy: An Illustrated ...","Â£41.83","Four"
75,"Soul Reader","Â£39.58","Two"
76,"Security","Â£39.25","Two"
77,"Saga, Volume 6 (Saga ...","Â£25.02","Three"
78,"Saga, Volume 5 (Saga ...","Â£51.04","Two"
79,"Reskilling America: Learning to ...","Â£19.83","Two"
80,"Rat Queens, Vol. 3: ...","Â£50.40","Three"
81,"Princess Jellyfish 2-in-1 Omnibus, ...","Â£13.61","Five"
82,"Princess Between Worlds (Wide-Awake ...","Â£13.34","Five"
83,"Pop Gun War, Volume ...","Â£18.97","One"
84,"Political Suicide: Missteps, Peccadilloes, ...","Â£36.28","Two"
85,"Patience","Â£10.16","Three"
86,"Outcast, Vol. 1: A ...","Â£15.44","Four"
87,"orange: The Complete Collection ...","Â£48.41","One"
88,"Online Marketing for Busy ...","Â£46.35","One"
89,"On a Midnight Clear","Â£14.07","Three"
90,"Obsidian (Lux #1)","Â£14.86","Two"
91,"My Paris Kitchen: Recipes ...","Â£33.37","Two"
92,"Masks and Shadows","Â£56.40","Two"
93,"Mama Tried: Traditional Italian ...","Â£14.02","Four"
94,"Lumberjanes, Vol. 2: Friendship ...","Â£46.91","Two"
95,"Lumberjanes, Vol. 1: Beware ...","Â£45.61","Three"
96,"Lumberjanes Vol. 3: A ...","Â£19.92","Two"
97,"Layered: Baking, Building, and ...","Â£40.11","One"
98,"Judo: Seven Steps to ...","Â£53.90","Two"
99,"Join","Â£35.67","Five"
100,"In the Country We ...","Â£22.00","Four"
101,"Immunity: How Elie Metchnikoff ...","Â£57.36","Five"
102,"I Hate Fairyland, Vol. ...","Â£29.17","Two"
103,"I am a Hero ...","Â£54.63","Three"
104,"How to Be Miserable: ...","Â£46.03","One"
105,"Her Backup Boyfriend (The ...","Â£33.97","One"
106,"Giant Days, Vol. 2 ...","Â£22.11","Two"
107,"Forever and Forever: The ...","Â£29.69","Three"
108,"First and First (Five ...","Â£15.97","Four"
109,"Fifty Shades Darker (Fifty ...","Â£21.96","One"
110,"Everydata: The Misinformation Hidden ...","Â£54.35","Two"
111,"Don't Be a Jerk: ...","Â£37.97","Two"
112,"Danganronpa Volume 1","Â£51.99","Four"
113,"Crown of Midnight (Throne ...","Â£43.29","Three"
114,"Codename Baboushka, Volume 1: ...","Â£36.72","Four"
115,"Camp Midnight","Â£17.08","Four"
116,"Call the Nurse: True ...","Â£29.14","Five"
117,"Burning","Â£28.81","Three"
118,"Bossypants","Â£49.46","Two"
119,"Bitch Planet, Vol. 1: ...","Â£37.92","Two"
120,"Avatar: The Last Airbender: ...","Â£28.09","Two"
121,"Algorithms to Live By: ...","Â£30.81","One"
122,"A World of Flavor: ...","Â£42.95","One"
123,"A Piece of Sky, ...","Â£56.76","Five"
124,"A Murder in Time","Â£16.64","One"
125,"A Flight of Arrows ...","Â£55.53","Five"
126,"A Fierce and Subtle ...","Â£28.13","Four"
127,"A Court of Thorns ...","Â£52.37","One"
128,"(Un)Qualified: How God Uses ...","Â£54.00","Five"
129,"You Are What You ...","Â£21.87","Four"
130,"William Shakespeare's Star Wars: ...","Â£43.30","Four"
131,"Tuesday Nights in 1980","Â£21.04","Two"
132,"Tracing Numbers on a ...","Â£41.60","Three"
133,"Throne of Glass (Throne ...","Â£35.07","Three"
134,"Thomas Jefferson and the ...","Â£59.64","One"
135,"Thirteen Reasons Why","Â£52.72","One"
136,"The White Cat and ...","Â£58.08","Four"
137,"The Wedding Dress","Â£24.12","One"
138,"The Vacationers","Â£42.15","Four"
139,"The Third Wave: An ...","Â£12.61","Five"
140,"The Stranger","Â£17.44","Four"
141,"The Shadow Hero (The ...","Â£33.14","One"
142,"The Secret (The Secret ...","Â£27.37","Four"
143,"The Regional Office Is ...","Â£51.36","Five"
144,"The Psychopath Test: A ...","Â£36.00","Two"
145,"The Project","Â£10.65","One"
146,"The Power of Now: ...","Â£43.54","Two"
147,"The Omnivore's Dilemma: A ...","Â£38.21","Two"
148,"The Nerdy Nummies Cookbook: ...","Â£37.34","Five"
149,"The Murder of Roger ...","Â£44.10","Four"
150,"The Mistake (Off-Campus #2)","Â£43.29","Three"
151,"The Matchmaker's Playbook (Wingmen ...","Â£55.85","One"
152,"The Love and Lemons ...","Â£37.60","Two"
153,"The Long Shadow of ...","Â£10.97","One"
154,"The Kite Runner","Â£41.82","Four"
155,"The House by the ...","Â£36.95","One"
156,"The Glittering Court (The ...","Â£44.28","One"
157,"The Girl on the ...","Â£55.02","Two"
158,"The Genius of Birds","Â£17.24","One"
159,"The Emerald Mystery","Â£23.15","Two"
160,"The Cookies & Cups ...","Â£41.25","One"
161,"The Bridge to Consciousness: ...","Â£32.00","Three"
162,"The Artist's Way: A ...","Â£38.49","Five"
163,"The Art of War","Â£33.34","Five"
164,"The Argonauts","Â£10.93","Two"
165,"The 10% Entrepreneur: Live ...","Â£27.55","Three"
166,"Suddenly in Love (Lake ...","Â£55.99","Two"
167,"Something More Than This","Â£16.24","Four"
168,"Soft Apocalypse","Â£26.12","Two"
169,"So You've Been Publicly ...","Â£12.23","Two"
170,"Shoe Dog: A Memoir ...","Â£23.99","Two"
171,"Shobu Samurai, Project Aryoku ...","Â£29.06","Three"
172,"Secrets and Lace (Fatal ...","Â£20.27","One"
173,"Scarlett Epstein Hates It ...","Â£43.55","Five"
174,"Romero and Juliet: A ...","Â£36.94","One"
175,"Redeeming Love","Â£20.47","Five"
176,"Poses for Artists Volume ...","Â£41.06","One"
177,"Poems That Make Grown ...","Â£14.19","Four"
178,"Nightingale, Sing","Â£38.28","One"
179,"Night Sky with Exit ...","Â£41.05","One"
180,"Mrs. Houdini","Â£30.25","Five"
181,"Modern Romance","Â£28.26","Five"
182,"Miss Peregrineâs Home for ...","Â£10.76","One"
183,"Louisa: The Extraordinary Life ...","Â£16.85","Two"
184,"Little Red","Â£13.47","Three"
185,"Library of Souls (Miss ...","Â£48.56","Five"
186,"Large Print Heart of ...","Â£19.15","Two"
187,"I Had a Nice ...","Â£57.36","Four"
188,"Hollow City (Miss Peregrineâs ...","Â£42.98","One"
189,"Grumbles","Â£22.16","Two"
190,"Full Moon over Noahâs ...","Â£49.43","Four"
191,"Frostbite (Vampire Academy #2)","Â£29.99","Five"
192,"Follow You Home","Â£21.36","One"
193,"First Steps for New ...","Â£29.00","One"
194,"Finders Keepers (Bill Hodges ...","Â£53.53","Five"
195,"Fables, Vol. 1: Legends ...","Â£41.62","Four"
196,"Eureka Trivia 6.0","Â£54.59","Four"
197,"Drive: The Surprising Truth ...","Â£34.95","Four"
198,"Done Rubbed Out (Reightman ...","Â£37.72","Five"
199,"Doing It Over (Most ...","Â£35.61","Three"
200,"Deliciously Ella Every Day: ...","Â£42.16","Three"
201,"Dark Notes","Â£19.19","Five"
202,"Daring Greatly: How the ...","Â£19.43","Three"
203,"Close to You","Â£49.46","Four"
204,"Chasing Heaven: What Dying ...","Â£37.80","Two"
205,"Big Magic: Creative Living ...","Â£30.80","Three"
206,"Becoming Wise: An Inquiry ...","Â£27.43","Two"
207,"Beauty Restored (Riley Family ...","Â£11.11","Two"
208,"Batman: The Long Halloween ...","Â£36.50","Two"
209,"Batman: The Dark Knight ...","Â£15.38","Five"
210,"Ayumi's Violin","Â£15.48","Two"
211,"Anonymous","Â£46.82","Four"
212,"Amy Meets the Saints ...","Â£18.46","Three"
213,"Amid the Chaos","Â£36.58","One"
214,"Amatus","Â£50.54","Five"
215,"Agnostic: A Spirited Manifesto","Â£12.51","Five"
216,"Zealot: The Life and ...","Â£24.70","Three"
217,"You (You #1)","Â£43.61","Five"
218,"Wonder Woman: Earth One, ...","Â£37.34","Four"
219,"Wild Swans","Â£14.36","Two"
220,"Why the Right Went ...","Â£52.65","Four"
221,"Whole Lotta Creativity Going ...","Â£38.20","Four"
222,"What's It Like in ...","Â£19.60","Two"
223,"We Are Robin, Vol. ...","Â£53.90","One"
224,"Walt Disney's Alice in ...","Â£12.96","Five"
225,"V for Vendetta (V ...","Â£37.10","Four"
226,"Until Friday Night (The ...","Â£46.31","Two"
227,"Unbroken: A World War ...","Â£45.95","Two"
228,"Twenty Yawns","Â£22.08","Two"
229,"Through the Woods","Â£25.38","Two"
230,"This Is Where It ...","Â£27.12","Two"
231,"The Year of Magical ...","Â£43.04","Two"
232,"The Wright Brothers","Â£56.80","Four"
233,"The White Queen (The ...","Â£25.91","Five"
234,"The Wedding Pact (The ...","Â£32.61","Three"
235,"The Time Keeper","Â£27.88","Five"
236,"The Testament of Mary","Â£52.67","Four"
237,"The Star-Touched Queen","Â£46.02","Five"
238,"The Songs of the ...","Â£44.48","Five"
239,"The Song of Achilles","Â£37.40","Five"
240,"The Rosie Project (Don ...","Â£54.04","One"
241,"The Power of Habit: ...","Â£16.88","Three"
242,"The Marriage of Opposites","Â£28.08","Four"
243,"The Lucifer Effect: Understanding ...","Â£10.40","One"
244,"The Long Haul (Diary ...","Â£44.07","One"
245,"The Loney","Â£23.40","One"
246,"The Literature Book (Big ...","Â£17.43","Three"
247,"The Last Mile (Amos ...","Â£54.21","Two"
248,"The Immortal Life of ...","Â£40.67","Two"
249,"The Hidden Oracle (The ...","Â£52.26","Two"
250,"The Help Yourself Cookbook ...","Â£28.77","Three"
251,"The Guilty (Will Robie ...","Â£13.82","Two"
252,"The First Hostage (J.B. ...","Â£25.85","Three"
253,"The Dovekeepers","Â£48.78","One"
254,"The Darkest Lie","Â£35.35","Five"
255,"The Bane Chronicles (The ...","Â£44.73","Four"
256,"The Bad-Ass Librarians of ...","Â£15.77","One"
257,"The 14th Colony (Cotton ...","Â£39.24","One"
258,"That Darkness (Gardiner and ...","Â£13.92","One"
259,"Tastes Like Fear (DI ...","Â£10.69","One"
260,"Take Me with You","Â£45.21","Three"
261,"Swell: A Year of ...","Â£45.58","One"
262,"Superman Vol. 1: Before ...","Â£11.89","Five"
263,"Still Life with Bread ...","Â£26.41","Three"
264,"Steve Jobs","Â£39.50","Five"
265,"Sorting the Beef from ...","Â£44.74","Four"
266,"Someone Like You (The ...","Â£52.79","Five"
267,"So Cute It Hurts!!, ...","Â£35.43","Four"
268,"Shtum","Â£55.84","Four"
269,"See America: A Celebration ...","Â£48.87","Three"
270,"salt.","Â£46.78","Four"
271,"Robin War","Â£47.82","Three"
272,"Red Hood/Arsenal, Vol. 1: ...","Â£25.48","Two"
273,"Rain Fish","Â£23.57","Three"
274,"Quarter Life Poetry: Poems ...","Â£50.89","Five"
275,"Pet Sematary","Â£10.56","Three"
276,"Overload: How to Unplug, ...","Â£52.15","Three"
277,"Once Was a Time","Â£18.28","Two"
278,"Old School (Diary of ...","Â£11.83","Five"
279,"No Dream Is Too ...","Â£21.95","Two"
280,"Naruto (3-in-1 Edition), Vol. ...","Â£38.39","Two"
281,"My Name Is Lucy ...","Â£41.56","One"
282,"My Mrs. Brown","Â£24.48","Three"
283,"My Kind of Crazy","Â£40.36","One"
284,"Mr. Mercedes (Bill Hodges ...","Â£28.90","One"
285,"More Than Music (Chasing ...","Â£37.61","Two"
286,"Made to Stick: Why ...","Â£38.85","Five"
287,"Luis Paints the World","Â£53.95","Three"
288,"Luckiest Girl Alive","Â£49.83","Three"
289,"Lowriders to the Center ...","Â£51.51","Two"
290,"Love Is a Mix ...","Â£18.03","One"
291,"Looking for Lovely: Collecting ...","Â£29.14","Five"
292,"Living Leadership by Insight: ...","Â£46.91","Four"
293,"Let It Out: A ...","Â£26.79","Five"
294,"Lady Midnight (The Dark ...","Â£16.28","Five"
295,"It's All Easy: Healthy, ...","Â£19.55","One"
296,"Island of Dragons (Unwanteds ...","Â£29.65","One"
297,"I Know What I'm ...","Â£25.98","Four"
298,"I Am Pilgrim (Pilgrim ...","Â£10.60","Four"
299,"Hyperbole and a Half: ...","Â£14.75","Five"
300,"Hush, Hush (Hush, Hush ...","Â£47.02","Three"
301,"Hold Your Breath (Search ...","Â£28.82","One"
302,"Hamilton: The Revolution","Â£58.79","Three"
303,"Greek Mythic History","Â£10.23","Five"
304,"God: The Most Unpleasant ...","Â£30.03","Five"
305,"Glory over Everything: Beyond ...","Â£45.84","Three"
306,"Feathers: Displays of Brilliant ...","Â£49.05","Three"
307,"Far & Away: Places ...","Â£15.06","Four"
308,"Every Last Word","Â£46.47","Three"
309,"Eligible (The Austen Project ...","Â£27.09","Three"
310,"El Deafo","Â£57.62","Five"
311,"Eight Hundred Grapes","Â£14.39","Four"
312,"Eaternity: More than 150 ...","Â£51.75","Five"
313,"Eat Fat, Get Thin","Â£54.07","Two"
314,"Don't Get Caught","Â£55.35","One"
315,"Doctor Sleep (The Shining ...","Â£40.12","Two"
316,"Demigods & Magicians: Percy ...","Â£37.51","Five"
317,"Dear Mr. Knightley","Â£11.21","Five"
318,"Daily Fantasy Sports","Â£36.58","One"
319,"Crazy Love: Overwhelmed by ...","Â£47.72","Two"
320,"Cometh the Hour (The ...","Â£25.01","Three"
321,"Code Name Verity (Code ...","Â£22.13","Four"
322,"Clockwork Angel (The Infernal ...","Â£44.14","One"
323,"City of Glass (The ...","Â£56.02","Four"
324,"City of Fallen Angels ...","Â£11.23","Four"
325,"City of Bones (The ...","Â£43.28","One"
326,"City of Ashes (The ...","Â£47.27","One"
327,"Cell","Â£20.29","Four"
328,"Catching Jordan (Hundred Oaks)","Â£50.83","Three"
329,"Carry On, Warrior: Thoughts ...","Â£31.85","Three"
330,"Carrie","Â£46.23","Two"
331,"Buying In: The Secret ...","Â£37.80","Four"
332,"Brain on Fire: My ...","Â£49.32","Five"
333,"Batman: Europa","Â£32.01","Two"
334,"Barefoot Contessa Back to ...","Â£28.01","One"
335,"Barefoot Contessa at Home: ...","Â£50.62","Five"
336,"Balloon Animals","Â£17.03","Three"
337,"Art Ops Vol. 1","Â£48.80","Three"
338,"Aristotle and Dante Discover ...","Â£58.14","Four"
339,"Angels Walking (Angels Walking ...","Â£34.20","Two"
340,"Angels & Demons (Robert ...","Â£51.48","Three"
341,"All the Light We ...","Â£29.87","Five"
342,"Adulthood Is a Myth: ...","Â£10.90","Two"
343,"Abstract City","Â£56.37","Five"
344,"A Time of Torment ...","Â£48.35","Five"
345,"A Study in Scarlet ...","Â£16.73","Two"
346,"A Series of Catastrophes ...","Â£56.48","Two"
347,"A People's History of ...","Â£40.79","Two"
348,"A Man Called Ove","Â£39.72","One"
349,"A Distant Mirror: The ...","Â£14.58","Three"
350,"A Brush of Wings ...","Â£55.51","One"
351,"1491: New Revelations of ...","Â£21.80","Three"
352,"The Three Searches, Meaning, ...","Â£13.33","Three"
353,"Searching for Meaning in ...","Â£38.73","One"
354,"Rook","Â£37.86","Four"
355,"My Kitchen Year: 136 ...","Â£11.53","Two"
356,"13 Hours: The Inside ...","Â£27.06","One"
357,"Will You Won't You ...","Â£13.86","Three"
358,"Tipping Point for Planet ...","Â£37.55","One"
359,"The Star-Touched Queen","Â£32.30","Five"
360,"The Silent Sister (Riley ...","Â£46.29","Five"
361,"The Midnight Watch: A ...","Â£26.20","One"
362,"The Lonely City: Adventures ...","Â£33.26","Two"
363,"The Gray Rhino: How ...","Â£59.15","Four"
364,"The Golden Condom: And ...","Â£39.43","One"
365,"The Epidemic (The Program ...","Â£14.44","Five"
366,"The Dinner Party","Â£56.54","Two"
367,"The Diary of a ...","Â£59.90","Three"
368,"The Children","Â£11.88","Three"
369,"Stars Above (The Lunar ...","Â£48.05","Two"
370,"Snatched: How A Drug ...","Â£21.21","Three"
371,"Raspberry Pi Electronics Projects ...","Â£49.67","Four"
372,"Quench Your Own Thirst: ...","Â£43.14","One"
373,"Psycho: Sanitarium (Psycho #1.5)","Â£36.97","Five"
374,"Poisonous (Max Revere Novels ...","Â£26.80","Three"
375,"One with You (Crossfire ...","Â£15.71","Four"
376,"No Love Allowed (Dodge ...","Â£54.65","Four"
377,"Murder at the 42nd ...","Â£54.36","Four"
378,"Most Wanted","Â£35.28","Three"
379,"Love, Lies and Spies","Â£20.55","Two"
380,"How to Speak Golf: ...","Â£58.32","Five"
381,"Hide Away (Eve Duncan ...","Â£11.84","One"
382,"Furiously Happy: A Funny ...","Â£41.46","Four"
383,"Everyday Italian: 125 Simple ...","Â£20.10","Five"
384,"Equal Is Unfair: America's ...","Â£56.86","One"
385,"Eleanor & Park","Â£56.51","Five"
386,"Dirty (Dive Bar #1)","Â£40.83","Four"
387,"Can You Keep a ...","Â£48.64","One"
388,"Boar Island (Anna Pigeon ...","Â£59.48","Three"
389,"A Paris Apartment","Â£39.01","Four"
390,"A la Mode: 120 ...","Â£38.77","One"
391,"Troublemaker: Surviving Hollywood and ...","Â£48.39","Two"
392,"The Widow","Â£27.26","Two"
393,"The Sleep Revolution: Transforming ...","Â£11.68","Four"
394,"The Improbability of Love","Â£59.45","One"
395,"The Art of Startup ...","Â£21.00","Three"
396,"Take Me Home Tonight ...","Â£53.98","Three"
397,"Sleeping Giants (Themis Files ...","Â£48.74","One"
398,"Setting the World on ...","Â£21.15","Two"
399,"Playing with Fire","Â£13.71","Three"
400,"Off the Hook (Fishing ...","Â£47.67","Three"
401,"Mothering Sunday","Â£13.34","Two"
402,"Mother, Can You Not?","Â£16.89","Five"
403,"M Train","Â£27.18","One"
404,"Lilac Girls","Â£17.28","Two"
405,"Lies and Other Acts ...","Â£45.14","One"
406,"Lab Girl","Â£40.85","One"
407,"Keep Me Posted","Â£20.46","Four"
408,"It Didn't Start with ...","Â£56.27","Three"
409,"Grey (Fifty Shades #4)","Â£48.49","Four"
410,"Exit, Pursued by a ...","Â£51.34","Four"
411,"Daredevils","Â£16.34","Three"
412,"Cravings: Recipes for What ...","Â£20.50","Three"
413,"Born for This: How ...","Â£21.59","Five"
414,"Arena","Â£21.36","Four"
415,"Adultery","Â£20.88","Five"
416,"A Mother's Reckoning: Living ...","Â£19.53","Three"
417,"A Gentleman's Position (Society ...","Â£14.75","Five"
418,"11/22/63","Â£48.48","Three"
419,"10% Happier: How I ...","Â£24.57","Two"
420,"10-Day Green Smoothie Cleanse: ...","Â£49.71","Five"
421,"Without Shame","Â£48.27","Five"
422,"Watchmen","Â£58.05","Four"
423,"Unlimited Intuition Now","Â£58.87","Four"
424,"Underlying Notes","Â£11.82","Two"
425,"The Shack","Â£28.03","One"
426,"The New Brand You: ...","Â£44.05","Five"
427,"The Moosewood Cookbook: Recipes ...","Â£12.34","Four"
428,"The Flowers Lied","Â£16.68","Two"
429,"The Fabric of the ...","Â£55.91","One"
430,"The Book of Mormon","Â£24.57","Three"
431,"The Art and Science ...","Â£52.98","Five"
432,"The Alien Club","Â£54.40","One"
433,"Suzie Snowflake: One beautiful ...","Â£54.81","Five"
434,"Nap-a-Roo","Â£25.08","One"
435,"NaNo What Now? Finding ...","Â£10.41","Four"
436,"Modern Day Fables","Â£47.44","Two"
437,"If I Gave You ...","Â£20.91","One"
438,"Fruits Basket, Vol. 9 ...","Â£33.95","Four"
439,"Dress Your Family in ...","Â£43.68","Three"
440,"Don't Forget Steven","Â£33.23","One"
441,"Chernobyl 01:23:40: The Incredible ...","Â£35.92","Two"
442,"Art and Fear: Observations ...","Â£48.63","Four"
443,"A Shard of Ice ...","Â£56.63","Three"
444,"A Hero's Curse (The ...","Â£50.49","Three"
445,"23 Degrees South: A ...","Â£35.79","Two"
446,"Zero to One: Notes ...","Â£34.06","Three"
447,"Why Not Me?","Â£17.76","One"
448,"When Breath Becomes Air","Â£39.36","Two"
449,"Vagabonding: An Uncommon Guide ...","Â£36.94","Two"
450,"The Unlikely Pilgrimage of ...","Â£43.62","Five"
451,"The New Drawing on ...","Â£43.02","Three"
452,"The Midnight Assassin: Panic, ...","Â£28.45","Four"
453,"The Martian (The Martian ...","Â£41.39","Two"
454,"The High Mountains of ...","Â£51.15","One"
455,"The Grownup","Â£35.88","One"
456,"The E-Myth Revisited: Why ...","Â£36.91","One"
457,"South of Sunshine","Â£28.93","One"
458,"Smarter Faster Better: The ...","Â£38.89","Five"
459,"Silence in the Dark ...","Â£58.33","Three"
460,"Shadows of the Past ...","Â£39.67","Five"
461,"Roller Girl","Â£14.10","Five"
462,"Rising Strong","Â£21.82","Three"
463,"Proofs of God: Classical ...","Â£54.21","One"
464,"Please Kill Me: The ...","Â£31.19","Four"
465,"Out of Print: City ...","Â£53.64","Five"
466,"My Life Next Door ...","Â£36.39","Five"
467,"Miller's Valley","Â£58.54","Two"
468,"Man's Search for Meaning","Â£29.48","Three"
469,"Love That Boy: What ...","Â£25.06","Two"
470,"Living Forward: A Proven ...","Â£12.55","Three"
471,"Les Fleurs du Mal","Â£29.04","Five"
472,"Left Behind (Left Behind ...","Â£40.72","Two"
473,"Kill 'Em and Leave: ...","Â£45.05","Five"
474,"Kierkegaard: A Christian Missionary ...","Â£47.13","One"
475,"John Vassos: Industrial Design ...","Â£20.22","Four"
476,"I'll Give You the ...","Â£56.48","One"
477,"I Will Find You","Â£44.21","One"
478,"Hystopia: A Novel","Â£21.96","Four"
479,"Howl and Other Poems","Â£40.45","Two"
480,"History of Beauty","Â£10.29","Four"
481,"Heaven is for Real: ...","Â£52.86","Two"
482,"Future Shock (Future Shock ...","Â£55.65","Five"
483,"Ender's Game (The Ender ...","Â£43.64","One"
484,"Diary of a Citizen ...","Â£28.41","One"
485,"Death by Leisure: A ...","Â£37.51","Four"
486,"Brilliant Beacons: A History ...","Â£11.45","Three"
487,"Brazen: The Courage to ...","Â£19.22","Two"
488,"Between the World and ...","Â£56.91","Four"
489,"Being Mortal: Medicine and ...","Â£55.06","Four"
490,"A Murder Over a ...","Â£13.20","Three"
491,"32 Yolks","Â£53.63","Two"
492,""Most Blessed of the ...","Â£44.48","Five"
493,"You Are a Badass: ...","Â£12.08","Three"
494,"Wildlife of New York: ...","Â£22.14","Two"
495,"What Happened on Beale ...","Â£25.37","Five"
496,"Unreasonable Hope: Finding Faith ...","Â£46.33","Two"
497,"Under the Tuscan Sun","Â£37.33","Three"
498,"Toddlers Are A**holes: It's ...","Â£25.55","One"
499,"The Year of Living ...","Â£34.72","One"
500,"The Whale","Â£35.96","Four"
501,"The Story of Art","Â£41.14","Four"
502,"The Origin of Species","Â£10.01","Four"
503,"The Great Gatsby","Â£36.05","Four"
504,"The Good Girl","Â£49.03","Three"
505,"The Glass Castle","Â£16.24","One"
506,"The Faith of Christopher ...","Â£39.55","One"
507,"The Drowning Girls","Â£35.67","Three"
508,"The Constant Princess (The ...","Â£16.62","Three"
509,"The Bourne Identity (Jason ...","Â£42.78","Four"
510,"The Bachelor Girl's Guide ...","Â£52.30","Five"
511,"The Art Book","Â£32.34","Two"
512,"The 7 Habits of ...","Â£33.17","Four"
513,"Team of Rivals: The ...","Â£20.12","Five"
514,"Steal Like an Artist: ...","Â£20.90","Two"
515,"Sit, Stay, Love","Â£20.90","Three"
516,"Sister Dear","Â£40.20","Four"
517,"Shrunken Treasures: Literary Classics, ...","Â£52.87","Three"
518,"Rich Dad, Poor Dad","Â£51.74","One"
519,"Raymie Nightingale","Â£34.41","Two"
520,"Playing from the Heart","Â£32.38","One"
521,"Nightstruck: A Novel","Â£50.35","Four"
522,"Naturally Lean: 125 Nourishing ...","Â£11.38","Five"
523,"Meternity","Â£43.58","Three"
524,"Memoirs of a Geisha","Â£49.67","Three"
525,"Like Never Before (Walker ...","Â£28.77","Two"
526,"Life of Pi","Â£13.22","Four"
527,"Leave This Song Behind: ...","Â£51.17","Five"
528,"King's Folly (The Kinsman ...","Â£39.61","Five"
529,"John Adams","Â£57.43","Four"
530,"How to Cook Everything ...","Â£46.01","Four"
531,"How to Be a ...","Â£28.25","Two"
532,"Good in Bed (Cannie ...","Â£37.05","Five"
533,"Fruits Basket, Vol. 7 ...","Â£19.57","One"
534,"For the Love: Fighting ...","Â£45.13","Three"
535,"Finding God in the ...","Â£46.64","Two"
536,"Every Heart a Doorway ...","Â£12.16","Five"
537,"Delivering the Truth (Quaker ...","Â£20.89","Four"
538,"Counted With the Stars ...","Â£17.97","Five"
539,"Chronicles, Vol. 1","Â£52.60","Two"
540,"Blue Like Jazz: Nonreligious ...","Â£25.77","One"
541,"Benjamin Franklin: An American ...","Â£48.19","Three"
542,"At The Existentialist CafÃ©: ...","Â£29.93","Five"
543,"A Summer In Europe","Â£44.34","Two"
544,"A Short History of ...","Â£52.40","Five"
545,"A Gathering of Shadows ...","Â£44.81","Four"
546,"The Sound Of Love","Â£57.84","Five"
547,"The Rise and Fall ...","Â£39.67","Two"
548,"The Perks of Being ...","Â£55.02","Three"
549,"The Mysterious Affair at ...","Â£24.80","Four"
550,"The Man Who Mistook ...","Â£59.45","Four"
551,"The Makings of a ...","Â£31.58","Two"
552,"The Joy of Cooking","Â£43.27","Four"
553,"The Invention of Wings","Â£37.34","One"
554,"The Hobbit (Middle-Earth Universe)","Â£17.80","Five"
555,"The Great Railway Bazaar","Â£30.54","One"
556,"The Golden Compass (His ...","Â£18.77","One"
557,"The God Delusion","Â£46.85","Three"
558,"The Girl You Left ...","Â£15.79","One"
559,"The Fellowship of the ...","Â£10.27","Two"
560,"The Collected Poems of ...","Â£15.42","Five"
561,"The Barefoot Contessa Cookbook","Â£59.92","Five"
562,"Tell the Wolves I'm ...","Â£50.96","Two"
563,"Ship Leaves Harbor: Essays ...","Â£30.60","Three"
564,"Pride and Prejudice","Â£19.27","Four"
565,"Musicophilia: Tales of Music ...","Â£46.58","One"
566,"Mere Christianity","Â£48.51","Three"
567,"Me Before You (Me ...","Â£19.02","One"
568,"In the Woods (Dublin ...","Â£38.38","Two"
569,"In Cold Blood","Â£49.98","Four"
570,"How to Stop Worrying ...","Â£46.49","Five"
571,"Give It Back","Â£18.32","Two"
572,"Girl, Interrupted","Â£42.14","Three"
573,"Fun Home: A Family ...","Â£56.59","Four"
574,"Fruits Basket, Vol. 6 ...","Â£20.96","Four"
575,"Deception Point","Â£40.32","Four"
576,"Death Note, Vol. 6: ...","Â£36.39","Three"
577,"Catherine the Great: Portrait ...","Â£58.55","Four"
578,"Better Homes and Gardens ...","Â£39.61","Three"
579,"An Unquiet Mind: A ...","Â£21.30","Three"
580,"A Year in Provence ...","Â£56.88","Four"
581,"World Without End (The ...","Â£32.97","Four"
582,"Will Grayson, Will Grayson ...","Â£47.31","Four"
583,"Why Save the Bankers?: ...","Â£48.67","Two"
584,"Where She Went (If ...","Â£41.73","Four"
585,"What If?: Serious Scientific ...","Â£53.68","Four"
586,"Two Summers","Â£14.64","One"
587,"This Is Your Brain ...","Â£38.40","One"
588,"The Secret Garden","Â£15.08","Four"
589,"The Raven King (The ...","Â£30.57","Two"
590,"The Raven Boys (The ...","Â£57.74","Four"
591,"The Power Greens Cookbook: ...","Â£11.05","Five"
592,"The Metamorphosis","Â£28.58","One"
593,"The Mathews Men: Seven ...","Â£42.91","Five"
594,"The Little Paris Bookshop","Â£24.73","Three"
595,"The Hiding Place","Â£55.91","Four"
596,"The Grand Design","Â£13.76","Three"
597,"The Firm","Â£45.56","Three"
598,"The Fault in Our ...","Â£47.22","One"
599,"The False Prince (The ...","Â£56.00","Five"
600,"The Expatriates","Â£44.58","Two"
601,"The Dream Thieves (The ...","Â£34.50","One"
602,"The Darkest Corners","Â£11.33","Five"
603,"The Crossover","Â£38.77","Four"
604,"The 5th Wave (The ...","Â£11.83","Two"
605,"Tell the Wind and ...","Â£45.51","Three"
606,"Tell Me Three Things","Â£41.81","One"
607,"Talking to Girls About ...","Â£25.15","Four"
608,"Siddhartha","Â£34.22","Five"
609,"Shiver (The Wolves of ...","Â£16.23","Five"
610,"Remember Me?","Â£11.48","Three"
611,"Red Dragon (Hannibal Lecter ...","Â£23.37","Three"
612,"Peak: Secrets from the ...","Â£16.28","Two"
613,"My Mother Was Nuts","Â£31.63","Four"
614,"Mexican Today: New and ...","Â£24.91","Five"
615,"Maybe Something Beautiful: How ...","Â£22.54","One"
616,"Lola and the Boy ...","Â£23.63","Four"
617,"Logan Kade (Fallen Crest ...","Â£13.12","Two"
618,"Last One Home (New ...","Â£59.98","Three"
619,"Killing Floor (Jack Reacher ...","Â£31.49","Four"
620,"Kill the Boy Band","Â£15.52","Five"
621,"Isla and the Happily ...","Â£48.13","Five"
622,"If I Stay (If ...","Â£38.13","Five"
623,"I Know Why the ...","Â£36.55","Two"
624,"Harry Potter and the ...","Â£23.32","One"
625,"Fruits Basket, Vol. 5 ...","Â£16.33","One"
626,"Foundation (Foundation (Publication Order) ...","Â£32.42","One"
627,"Fool Me Once","Â£16.96","One"
628,"Find Her (Detective D.D. ...","Â£22.37","One"
629,"Evicted: Poverty and Profit ...","Â£42.27","One"
630,"Drama","Â£38.70","Two"
631,"Dracula the Un-Dead","Â£35.63","Five"
632,"Digital Fortress","Â£58.00","Five"
633,"Death Note, Vol. 5: ...","Â£52.41","One"
634,"Data, A Love Story: ...","Â£32.35","Three"
635,"Critique of Pure Reason","Â£20.75","One"
636,"Booked","Â£17.49","Five"
637,"Blue Lily, Lily Blue ...","Â£34.13","Five"
638,"Approval Junkie: Adventures in ...","Â£58.81","Five"
639,"An Abundance of Katherines","Â£10.00","Five"
640,"America's War for the ...","Â£51.22","Two"
641,"Alight (The Generations Trilogy ...","Â£58.59","Four"
642,"A Girl's Guide to ...","Â£31.30","One"
643,"A Game of Thrones ...","Â£46.42","Two"
644,"A Feast for Crows ...","Â£17.21","Four"
645,"A Clash of Kings ...","Â£10.79","Three"
646,"Vogue Colors A to ...","Â£52.35","Four"
647,"The Shining (The Shining ...","Â£27.88","Three"
648,"The Pilgrim's Progress","Â£50.26","Two"
649,"The Perfect Play (Play ...","Â£59.99","Three"
650,"The Passion of Dolssa","Â£28.32","Five"
651,"The Jazz of Physics: ...","Â£38.71","Three"
652,"The Hunger Games (The ...","Â£29.85","Five"
653,"The Hound of the ...","Â£14.82","Two"
654,"The Gunning of America: ...","Â£16.81","Four"
655,"The Geography of Bliss: ...","Â£28.23","Two"
656,"The Demonists (Demonist #1)","Â£52.11","Two"
657,"The Demon Prince of ...","Â£27.88","Two"
658,"The Bone Hunters (Lexy ...","Â£59.71","Three"
659,"The Beast (Black Dagger ...","Â£46.08","Five"
660,"Some Women","Â£13.73","Five"
661,"Shopaholic Ties the Knot ...","Â£48.39","Five"
662,"Paper and Fire (The ...","Â£49.45","Five"
663,"Outlander (Outlander #1)","Â£19.67","Five"
664,"Orchestra of Exiles: The ...","Â£12.36","Three"
665,"No One Here Gets ...","Â£20.02","Five"
666,"Night Shift (Night Shift ...","Â£12.75","Four"
667,"Needful Things","Â£47.51","Four"
668,"Mockingjay (The Hunger Games ...","Â£20.44","Four"
669,"Misery","Â£34.79","Two"
670,"Little Women (Little Women ...","Â£28.07","Four"
671,"It","Â£25.01","Three"
672,"Harry Potter and the ...","Â£13.90","Three"
673,"Harry Potter and the ...","Â£24.17","Four"
674,"Harry Potter and the ...","Â£31.63","Four"
675,"Harry Potter and the ...","Â£48.75","Five"
676,"Harry Potter and the ...","Â£14.74","One"
677,"Gone with the Wind","Â£32.49","Three"
678,"God Is Not Great: ...","Â£27.80","One"
679,"Girl With a Pearl ...","Â£26.77","One"
680,"Fruits Basket, Vol. 4 ...","Â£50.44","Four"
681,"Far From True (Promise ...","Â£34.93","Two"
682,"Dark Lover (Black Dagger ...","Â£12.87","One"
683,"Confessions of a Shopaholic ...","Â£48.94","Two"
684,"Changing the Game (Play ...","Â£13.38","Three"
685,"Candide","Â£58.63","Three"
686,"Can You Keep a ...","Â£21.94","One"
687,"Atlas Shrugged","Â£26.58","Five"
688,"Animal Farm","Â£57.22","Three"
689,"A Walk to Remember","Â£56.43","One"
690,"A New Earth: Awakening ...","Â£55.65","Five"
691,"A History of God: ...","Â£27.62","One"
692,"'Salem's Lot","Â£49.56","Four"
693,"Zero History (Blue Ant ...","Â£34.77","One"
694,"Wuthering Heights","Â£17.73","Three"
695,"World War Z: An ...","Â£21.80","One"
696,"Wild: From Lost to ...","Â£46.02","Three"
697,"Where'd You Go, Bernadette","Â£18.13","One"
698,"When You Are Engulfed ...","Â£30.89","Five"
699,"We the People: The ...","Â£31.95","Three"
700,"We Are All Completely ...","Â£24.04","One"
701,"Walk the Edge (Thunder ...","Â£32.36","Three"
702,"Voyager (Outlander #3)","Â£21.07","Five"
703,"Very Good Lives: The ...","Â£50.66","Three"
704,"Vegan Vegetarian Omnivore: Dinner ...","Â£13.66","Two"
705,"Unstuffed: Decluttering Your Home, ...","Â£58.09","One"
706,"Under the Banner of ...","Â£30.00","One"
707,"Two Boys Kissing","Â£32.74","Two"
708,"Twilight (Twilight #1)","Â£41.93","Two"
709,"Twenties Girl","Â£42.80","Two"
710,"Trespassing Across America: One ...","Â£53.51","One"
711,"Three-Martini Lunch","Â£23.21","Three"
712,"Thinking, Fast and Slow","Â£21.14","One"
713,"The Wild Robot","Â£56.07","Three"
714,"The Wicked + The ...","Â£14.41","Three"
715,"The Undomestic Goddess","Â£45.75","Four"
716,"The Travelers","Â£15.77","One"
717,"The Tipping Point: How ...","Â£10.02","Two"
718,"The Thing About Jellyfish","Â£48.77","One"
719,"The Stand","Â£57.86","Two"
720,"The Smitten Kitchen Cookbook","Â£23.59","One"
721,"The Silkworm (Cormoran Strike ...","Â£23.05","Five"
722,"The Sandman, Vol. 3: ...","Â£55.55","Five"
723,"The Rose & the ...","Â£58.64","Four"
724,"The Road to Little ...","Â£23.21","One"
725,"The Rise of Theodore ...","Â£42.57","Three"
726,"The Restaurant at the ...","Â£10.92","One"
727,"The Rest Is Noise: ...","Â£34.77","One"
728,"The Red Tent","Â£35.66","Five"
729,"The Purpose Driven Life: ...","Â£37.19","Three"
730,"The Purest Hook (Second ...","Â£12.25","One"
731,"The Picture of Dorian ...","Â£29.70","Two"
732,"The Paris Wife","Â£36.80","Three"
733,"The Obsession","Â£45.43","One"
734,"The Nightingale","Â£26.26","Four"
735,"The New Guy (and ...","Â£44.92","Three"
736,"The Nanny Diaries (Nanny ...","Â£52.53","Five"
737,"The Name of God ...","Â£37.25","Two"
738,"The Maze Runner (The ...","Â£20.93","One"
739,"The Lover's Dictionary","Â£58.09","Two"
740,"The Lonely Ones","Â£43.59","Five"
741,"The Lean Startup: How ...","Â£33.92","Three"
742,"The Last Painting of ...","Â£55.55","Two"
743,"The Land of 10,000 ...","Â£29.64","Four"
744,"The Infinities","Â£27.41","One"
745,"The Husband's Secret","Â£52.51","Five"
746,"The Hitchhiker's Guide to ...","Â£47.80","Three"
747,"The Guns of August","Â£14.54","Two"
748,"The Guernsey Literary and ...","Â£49.53","One"
749,"The Goldfinch","Â£43.58","Three"
750,"The Giver (The Giver ...","Â£12.30","One"
751,"The Girl with All ...","Â£49.47","Three"
752,"The Girl Who Played ...","Â£22.14","Two"
753,"The Girl Who Kicked ...","Â£57.48","One"
754,"The Exiled","Â£43.45","Three"
755,"The End of Faith: ...","Â£22.13","Four"
756,"The Elegant Universe: Superstrings, ...","Â£13.03","Four"
757,"The Disappearing Spoon: And ...","Â£57.35","Five"
758,"The Devil Wears Prada ...","Â£44.29","One"
759,"The Demon-Haunted World: Science ...","Â£52.25","Four"
760,"The Day the Crayons ...","Â£26.33","Five"
761,"The Da Vinci Code ...","Â£22.96","Two"
762,"The Cuckoo's Calling (Cormoran ...","Â£19.21","One"
763,"The Complete Stories and ...","Â£26.78","Four"
764,"The Complete Poems","Â£41.32","Five"
765,"The Catcher in the ...","Â£24.55","One"
766,"The Cat in the ...","Â£16.26","Two"
767,"The Case for Christ ...","Â£47.84","One"
768,"The Book Thief","Â£53.49","Two"
769,"The Book of Basketball: ...","Â£44.84","Five"
770,"The Blind Side: Evolution ...","Â£53.71","Five"
771,"The Autobiography of Malcolm ...","Â£23.43","Two"
772,"The Art of Simple ...","Â£34.32","Three"
773,"The Art of Fielding","Â£22.10","One"
774,"Surely You're Joking, Mr. ...","Â£25.83","Two"
775,"Stiff: The Curious Lives ...","Â£36.74","Three"
776,"Spilled Milk: Based on ...","Â£49.51","One"
777,"Something Borrowed (Darcy & ...","Â£48.96","Five"
778,"Something Blue (Darcy & ...","Â£54.62","One"
779,"Soldier (Talon #3)","Â£24.72","Two"
780,"Shopaholic & Baby (Shopaholic ...","Â£46.45","Two"
781,"Seven Days in the ...","Â£52.33","Two"
782,"Seven Brief Lessons on ...","Â£30.60","Four"
783,"Scarlet (The Lunar Chronicles ...","Â£14.57","Four"
784,"Sarah's Key","Â£46.29","One"
785,"Saga, Volume 3 (Saga ...","Â£21.57","Five"
786,"Running with Scissors","Â£12.91","Four"
787,"Rogue Lawyer (Rogue Lawyer ...","Â£50.11","Three"
788,"Rise of the Rocket ...","Â£41.67","Four"
789,"Rework","Â£44.88","Two"
790,"Reservations for Two","Â£11.10","Three"
791,"Red: The True Story ...","Â£28.54","Three"
792,"Ready Player One","Â£19.07","Four"
793,"Quiet: The Power of ...","Â£43.55","One"
794,"Prodigy: The Graphic Novel ...","Â£43.63","Three"
795,"Persepolis: The Story of ...","Â£39.13","One"
796,"Packing for Mars: The ...","Â£56.68","Two"
797,"Outliers: The Story of ...","Â£14.16","One"
798,"Original Fake","Â£31.45","Three"
799,"Orange Is the New ...","Â£24.61","Two"
800,"One for the Money ...","Â£32.87","Two"
801,"Notes from a Small ...","Â£40.17","One"
802,"Night (The Night Trilogy ...","Â£13.51","One"
803,"Neither Here nor There: ...","Â£38.95","Three"
804,"Naked","Â£31.69","Three"
805,"Morning Star (Red Rising ...","Â£29.40","One"
806,"Miracles from Heaven: A ...","Â£57.83","One"
807,"Midnight Riot (Peter Grant/ ...","Â£55.46","Two"
808,"Me Talk Pretty One ...","Â£57.60","Two"
809,"Manuscript Found in Accra","Â£34.98","Two"
810,"Lust & Wonder","Â£11.87","Two"
811,"Lila (Gilead #3)","Â£12.47","Three"
812,"Life, the Universe and ...","Â£33.26","Two"
813,"Life Without a Recipe","Â£59.04","Five"
814,"Life After Life","Â£26.13","Two"
815,"Letter to a Christian ...","Â£22.20","One"
816,"Let's Pretend This Never ...","Â£45.11","One"
817,"Legend (Legend #1)","Â£43.69","Four"
818,"Lean In: Women, Work, ...","Â£25.02","One"
819,"Lamb: The Gospel According ...","Â£55.50","Five"
820,"Lady Renegades (Rebel Belle ...","Â£53.04","Five"
821,"Jurassic Park (Jurassic Park ...","Â£44.97","One"
822,"It's Never Too Late ...","Â£42.38","One"
823,"Is Everyone Hanging Out ...","Â£20.11","Three"
824,"Into the Wild","Â£56.70","Five"
825,"Inferno (Robert Langdon #4)","Â£41.00","Five"
826,"In the Garden of ...","Â£28.85","Three"
827,"If I Run (If ...","Â£49.97","Four"
828,"I've Got Your Number","Â£19.69","One"
829,"I Am Malala: The ...","Â£28.88","Two"
830,"Hungry Girl Clean & ...","Â£33.14","Three"
831,"House of Lost Worlds: ...","Â£43.70","Two"
832,"House of Leaves","Â£54.89","One"
833,"Horrible Bear!","Â£37.52","Two"
834,"Holidays on Ice","Â£51.07","Two"
835,"Heir to the Sky","Â£44.07","Four"
836,"Green Eggs and Ham ...","Â£10.79","Four"
837,"Grayson, Vol 3: Nemesis ...","Â£42.72","One"
838,"Gratitude","Â£26.66","Five"
839,"Gone Girl","Â£37.60","Five"
840,"Golden (Heart of Dread ...","Â£42.21","Four"
841,"Girl in the Blue ...","Â£46.83","Two"
842,"Fruits Basket, Vol. 3 ...","Â£45.17","Two"
843,"Friday Night Lights: A ...","Â£51.22","Three"
844,"Fire Bound (Sea Haven/Sisters ...","Â£21.28","Four"
845,"Fifty Shades Freed (Fifty ...","Â£15.36","Five"
846,"Fellside","Â£38.62","One"
847,"Extreme Prey (Lucas Davenport ...","Â£25.40","Three"
848,"Eragon (The Inheritance Cycle ...","Â£43.87","Three"
849,"Eclipse (Twilight #3)","Â£18.74","One"
850,"Dune (Dune #1)","Â£54.86","One"
851,"Dracula","Â£52.62","Three"
852,"Do Androids Dream of ...","Â£51.48","One"
853,"Disrupted: My Misadventure in ...","Â£15.28","Five"
854,"Dead Wake: The Last ...","Â£39.24","Five"
855,"David and Goliath: Underdogs, ...","Â£17.81","One"
856,"Darkfever (Fever #1)","Â£56.02","One"
857,"Dark Places","Â£23.90","Five"
858,"Crazy Rich Asians (Crazy ...","Â£49.13","Five"
859,"Counting Thyme","Â£10.62","One"
860,"Cosmos","Â£36.17","Two"
861,"Civilization and Its Discontents","Â£59.95","Two"
862,"Cinder (The Lunar Chronicles ...","Â£26.09","One"
863,"Catastrophic Happiness: Finding Joy ...","Â£37.35","Two"
864,"Career of Evil (Cormoran ...","Â£24.72","Two"
865,"Breaking Dawn (Twilight #4)","Â£35.28","Five"
866,"Brave Enough","Â£51.32","Five"
867,"Boy Meets Boy","Â£21.12","Three"
868,"Born to Run: A ...","Â£27.35","Two"
869,"Blink: The Power of ...","Â£21.74","Five"
870,"Black Flags: The Rise ...","Â£40.87","One"
871,"Black Butler, Vol. 1 ...","Â£49.31","One"
872,"Big Little Lies","Â£22.11","One"
873,"Between Shades of Gray","Â£20.79","Five"
874,"Best of My Love ...","Â£27.41","Two"
875,"Beowulf","Â£38.35","Two"
876,"Beautiful Creatures (Caster Chronicles ...","Â£21.55","Five"
877,"Awkward","Â£38.02","Two"
878,"Ash","Â£22.06","Four"
879,"Are We There Yet?","Â£10.66","Three"
880,"Are We Smart Enough ...","Â£56.58","One"
881,"Annie on My Mind","Â£36.83","Five"
882,"And Then There Were ...","Â£35.01","Two"
883,"A Walk in the ...","Â£30.48","Four"
884,"A Visit from the ...","Â£14.08","Five"
885,"A Storm of Swords ...","Â£31.22","Two"
886,"A Heartbreaking Work of ...","Â£54.29","Five"
887,"8 Keys to Mental ...","Â£31.04","One"
888,"#GIRLBOSS","Â£50.96","One"
889,"The Suffragettes (Little Black ...","Â£11.89","Two"
890,"The Sense of an ...","Â£31.38","Three"
891,"The Sandman, Vol. 2: ...","Â£54.81","One"
892,"The Course of Love","Â£16.78","Three"
893,"Sugar Rush (Offensive Line ...","Â£24.42","One"
894,"Saga, Volume 2 (Saga ...","Â£11.75","Three"
895,"Run, Spot, Run: The ...","Â£20.02","One"
896,"New Moon (Twilight #2)","Â£12.86","Four"
897,"Life","Â£31.58","Five"
898,"Kindle Paperwhite User's Guide","Â£34.00","Three"
899,"H is for Hawk","Â£57.42","Five"
900,"Girl Online On Tour ...","Â£53.47","One"
901,"Fruits Basket, Vol. 2 ...","Â£11.64","Five"
902,"Diary of a Minecraft ...","Â£52.88","Four"
903,"Y: The Last Man, ...","Â£18.51","Four"
904,"While You Were Mine","Â£41.32","Five"
905,"Where Lightning Strikes (Bleeding ...","Â£39.77","Three"
906,"When I'm Gone","Â£51.96","Three"
907,"Ways of Seeing","Â£39.51","Five"
908,"Vampire Knight, Vol. 1 ...","Â£15.40","One"
909,"Vampire Girl (Vampire Girl ...","Â£53.82","Two"
910,"Twenty Love Poems and ...","Â£30.95","Four"
911,"Travels with Charley: In ...","Â£57.82","Five"
912,"Three Wishes (River of ...","Â£44.18","Two"
913,"This One Moment (Pushing ...","Â£48.71","One"
914,"The Zombie Room","Â£19.69","Five"
915,"The Wicked + The ...","Â£36.52","Two"
916,"The Tumor","Â£41.56","Five"
917,"The Story of Hong ...","Â£43.19","Four"
918,"The Silent Wife","Â£12.34","Five"
919,"The Silent Twin (Detective ...","Â£36.25","Three"
920,"The Selfish Gene","Â£29.45","One"
921,"The Secret Healer","Â£34.56","Three"
922,"The Sandman, Vol. 1: ...","Â£54.12","Three"
923,"The Republic","Â£33.78","Three"
924,"The Odyssey","Â£29.64","Three"
925,"The No. 1 Ladies' ...","Â£57.70","Four"
926,"The Nicomachean Ethics","Â£36.34","One"
927,"The Name of the ...","Â£50.59","Three"
928,"The Mirror & the ...","Â£29.38","One"
929,"The Little Prince","Â£45.42","Two"
930,"The Light of the ...","Â£54.43","One"
931,"The Last Girl (The ...","Â£36.26","Two"
932,"The Iliad","Â£16.16","One"
933,"The Hook Up (Game ...","Â£36.29","Five"
934,"The Haters","Â£27.89","Five"
935,"The Girl You Lost","Â£12.29","Five"
936,"The Girl In The ...","Â£15.85","Three"
937,"The End of the ...","Â£14.40","One"
938,"The Edge of Reason ...","Â£19.18","Four"
939,"The Complete Maus (Maus ...","Â£10.64","Three"
940,"The Communist Manifesto","Â£14.76","Three"
941,"The Bhagavad Gita","Â£57.49","Three"
942,"The Bette Davis Club","Â£30.66","Three"
943,"The Art of Not ...","Â£40.83","Four"
944,"Taking Shots (Assassins #1)","Â£18.88","Two"
945,"Starlark","Â£25.83","Three"
946,"Skip Beat!, Vol. 01 ...","Â£42.12","Three"
947,"Sister Sable (The Mad ...","Â£13.33","Three"
948,"Shatter Me (Shatter Me ...","Â£42.40","One"
949,"Shameless","Â£58.35","Three"
950,"Shadow Rites (Jane Yellowrock ...","Â£21.72","Four"
951,"Settling the Score (The ...","Â£44.91","Two"
952,"Sense and Sensibility","Â£37.46","One"
953,"Saga, Volume 1 (Saga ...","Â£28.48","One"
954,"Rhythm, Chord & Malykhin","Â£28.34","Two"
955,"Rat Queens, Vol. 1: ...","Â£46.96","Five"
956,"Paradise Lost (Paradise #1)","Â£24.96","One"
957,"Paper Girls, Vol. 1 ...","Â£21.71","Four"
958,"Ouran High School Host ...","Â£29.87","Three"
959,"Origins (Alphas 0.5)","Â£28.99","One"
960,"One Second (Seven #7)","Â£52.94","Two"
961,"On the Road (Duluoz ...","Â£32.36","Three"
962,"Old Records Never Die: ...","Â£55.66","Two"
963,"Off Sides (Off #1)","Â£39.45","Five"
964,"Of Mice and Men","Â£47.11","Two"
965,"Myriad (Prentor #1)","Â£58.75","Four"
966,"My Perfect Mistake (Over ...","Â£38.92","Two"
967,"Ms. Marvel, Vol. 1: ...","Â£39.39","Four"
968,"Meditations","Â£25.89","Two"
969,"Matilda","Â£28.34","One"
970,"Lost Among the Living","Â£27.70","Four"
971,"Lord of the Flies","Â£24.89","Three"
972,"Listen to Me (Fusion ...","Â£58.99","Three"
973,"Kitchens of the Great ...","Â£57.20","Five"
974,"Jane Eyre","Â£38.43","Five"
975,"Imperfect Harmony","Â£34.74","Four"
976,"Icing (Aces Hockey #2)","Â£40.44","Four"
977,"Hawkeye, Vol. 1: My ...","Â£45.24","Three"
978,"Having the Barbarian's Baby ...","Â£34.96","Four"
979,"Giant Days, Vol. 1 ...","Â£56.76","Four"
980,"Fruits Basket, Vol. 1 ...","Â£40.28","Five"
